s{,s撬,nR[h,ܓx,ox
kC,Dys,1101,43.0556,141.3485
kC,Dysk,1102,43.0975,141.3445
kC,Dys,1103,43.0852,141.3734
kC,Dys΋,1104,43.0592,141.4132
kC,DysL,1105,43.0336,141.3833
kC,Dys,1106,42.9772,141.2936
kC,Dys,1107,43.0699,141.2844
kC,Dysʋ,1108,43.0416,141.4746
kC,Dys,1109,43.1118,141.2423
kC,Dysc,1110,42.9922,141.4429
kC,َs,1202,41.7687,140.7288
kC,Ms,1203,43.1907,140.9947
kC,s,1204,43.7709,142.365
kC,s,1205,42.3152,140.9737
kC,Hs,1206,42.9849,144.3816
kC,эLs,1207,42.9242,143.1969
kC,ks,1208,43.8073,143.8943
kC,[s,1209,42.9568,142.0436
kC,〈s,1210,43.2039,141.7656
kC,ԑs,1211,44.0205,144.2728
kC,Gs,1212,43.935,141.6508
kC,Ϗqs,1213,42.634,141.6033
kC,ts,1214,45.4156,141.6734
kC,Ss,1215,43.3338,141.8593
kC,ʎs,1216,43.5132,142.1903
kC,]ʎs,1217,43.111,141.5513
kC,ԕs,1218,43.556,142.0463
kC,ʎs,1219,44.356,143.3551
kC,mʎs,1220,44.1751,142.3956
kC,s,1221,44.3554,142.4633
kC,O}s,1222,43.2458,141.8797
kC,s,1223,43.3308,145.5833
kC,Ύs,1224,42.8211,141.653
kC,s,1225,43.5574,141.9103
kC,s,1226,43.4913,141.9022
kC,̎us,1227,43.5222,142.036
kC,[s,1228,43.7196,142.0427
kC,xǖs,1229,43.3444,142.3831
kC,oʎs,1230,42.414,141.1077
kC,bs,1231,42.8837,141.5839
kC,ɒBs,1233,42.4697,140.8679
kC,kLs,1234,42.9774,141.554
kC,Ύs,1235,43.1764,141.3148
kC,kls,1236,41.826,140.6552
kC,ʒ,1303,43.2166,141.5173
kC,VÑ,1304,43.2152,141.6521
kC,O,1331,41.4297,140.1065
kC,,1332,41.4729,140.2456
kC,m,1333,41.4878,140.4285
kC,،Ó,1334,41.68,140.4326
kC,ђ,1337,41.902,140.6975
kC,,1343,41.9567,140.8123
kC,X,1345,42.105,140.5759
kC,_,1346,42.2541,140.2694
kC,],1361,41.8732,140.1303
kC,m,1362,41.8021,140.1197
kC,򕔒,1363,41.9961,140.2198
kC,,1364,42.0163,140.1417
kC,Ȓ,1371,42.4439,139.845
kC,q,1391,42.6971,140.0984
kC,s,1392,42.7933,140.229
kC,,1393,42.6657,140.3093
kC,z,1394,42.8227,140.5283
kC,jZR,1395,42.8767,140.6865
kC,^둺,1396,42.7667,140.8167
kC,s,1397,42.75,140.9
kC,Εʒ,1398,42.7667,140.9333
kC,ɒ,1399,42.85,140.8667
kC,m,1400,42.9021,140.7554
kC,,1402,42.9806,140.5135
kC,_b,1404,43.1333,140.4833
kC,mؒ,1407,43.15,140.7667
kC,]s,1408,43.2,140.7833
kC,Ԉ쑺,1409,43.0833,140.9
kC,y,1423,43.0667,141.6333
kC,ވ],1424,43.4333,141.8833
kC,Rm,1427,42.9833,141.7833
kC,,1428,43.0167,141.6833
kC,IR,1429,43.05,141.7667
kC,`,1430,43.35,141.65
kC,YP,1431,43.4333,141.8167
kC,V\Ð쒬,1432,43.5667,141.8833
kC,ʒ,1434,43.7833,141.9667
kC,J,1436,43.6833,141.8833
kC,k,1437,43.7333,141.8833
kC,c,1438,43.8167,141.9333
kC,鐲,1452,43.8333,142.3667
kC,_y,1453,43.7,142.45
kC,,1454,43.8167,142.5167
kC,z,1455,43.8667,142.4667
kC,ʒ,1456,43.9,142.5833
kC,쒬,1457,43.85,142.7667
kC,쒬,1458,43.7,142.5167
kC,l,1459,43.5833,142.4667
kC,xǖ쒬,1460,43.45,142.4667
kC,xǖ쒬,1461,43.4,142.4167
kC,xǖ쒬,1462,43.1667,142.55
kC,芥,1463,42.9667,142.3667
kC,a,1464,44.0333,142.4167
kC,,1465,44.1,142.3667
kC,쒬,1468,44.3,142.6333
kC,[,1469,44.4833,142.35
kC,Ўq{,1470,44.7167,142.2667
kC,쒬,1471,44.8167,142.0667
kC,y,1472,44.0167,142.15
kC,ђ,1481,43.85,141.5167
kC,,1482,44.05,141.6667
kC,ϑO,1483,44.3,141.6667
kC,Hy,1484,44.3667,141.7
kC,Rʑ,1485,44.5667,141.7833
kC,ʒ,1486,44.7167,141.85
kC,V,1487,44.8833,141.75
kC,lڕʒ,1512,45.1167,142.3667
kC,ڕʒ,1513,45.0167,142.2833
kC,}K,1514,44.9333,142.5833
kC,Lx,1516,45.1,141.7833
kC,當,1517,45.3,141.05
kC,K,1518,45.1833,141.2167
kC,y,1520,45.0167,141.85
kC,y,1543,43.8167,144.1
kC,Õʒ,1544,43.7,144.0333
kC,Η,1545,43.9167,144.6667
kC,,1546,43.8667,144.4833
kC,,1547,43.95,144.4667
kC,u˒,1550,43.6833,143.5833
kC,CԒ,1552,44.0167,143.7667
kC,y,1555,44.05,143.5167
kC,Nʒ,1559,44.1833,143.6
kC,,1561,44.4667,143.1167
kC,,1562,44.3,142.9833
kC,Y,1563,44.5833,142.9667
kC,,1564,43.9,144.1667
kC,LY,1571,42.5833,140.7
kC,s˒,1575,42.55,140.9167
kC,V,1578,42.55,141.35
kC,^,1581,42.7333,141.8833
kC,Β,1584,42.6167,140.7667
kC,,1585,42.85,141.7667
kC,ނ풬,1586,42.5667,141.9333
kC,,1601,42.5,142.0667
kC,撬,1602,42.5833,142.1333
kC,V,1604,42.3667,142.35
kC,Y͒,1607,42.1667,142.7667
kC,l,1608,42.1333,142.9333
kC,,1609,42.0167,143.15
kC,VЂ,1610,42.3333,142.3667
kC,X,1631,43.0333,143.2
kC,my,1632,43.1667,143.2667
kC,my,1633,43.2333,143.2833
kC,ǒ,1634,43.1,143.0833
kC,V,1635,43.0833,142.8333
kC,,1636,43.0167,142.8833
kC,莺,1637,42.9167,143.05
kC,D,1638,42.7,143.1333
kC,Xʑ,1639,42.6667,143.2167
kC,,1641,42.5,143.2833
kC,L,1642,42.2833,143.3167
kC,ʒ,1643,42.9167,143.3667
kC,rc,1644,42.9333,143.45
kC,L,1645,42.7833,143.5167
kC,{ʒ,1646,43.1167,143.6167
kC,,1647,43.2333,143.55
kC,ʒ,1648,43.4667,143.75
kC,Yy,1649,42.8167,143.6667
kC,H,1661,43.0167,144.45
kC,ݒ,1662,43.05,144.8333
kC,W,1664,43.2833,144.6
kC,q,1665,43.4833,144.45
kC,ߋ,1667,43.1833,144.3167
kC,f,1668,42.95,144.0833
kC,ʊC,1691,43.3333,145.1167
kC,WÒ,1692,43.55,144.9667
kC,WÒ,1693,43.6667,145.1333
kC,P,1694,44.0167,145.1833
X,Xs,2201,40.8222,140.7475
X,OOs,2202,40.6033,140.4646
X,ˎs,2203,40.5122,141.4883
X,Ύs,2204,40.6433,140.5936
X,܏쌴s,2205,40.8068,140.4428
X,\acs,2206,40.6133,141.2091
X,Os,2207,40.6865,141.3683
X,ނs,2208,41.2917,141.2183
X,s,2209,40.967,140.37
X,s,2210,40.5898,140.5691
X,,2301,40.9167,140.95
X,ʒ,2303,41.15,140.5167
X,Hc,2304,40.9833,140.6833
X,Ol,2307,41.05,140.5
X,˃,2321,40.7833,140.2167
X,[Y,2323,40.65,139.9333
X,ډ,2343,40.5333,140.2833
X,蒬,2361,40.6833,140.5
X,k,2362,40.5167,140.5667
X,cɊّ,2367,40.6333,140.5833
X,,2381,40.7167,140.4333
X,ߓc,2384,40.7667,140.4333
X,,2387,41,140.4667
X,Ӓn,2401,40.8667,141.1167
X,˒,2402,40.7167,141.15
X,Z˒,2405,40.6333,141.3167
X,l,2406,41.1,141.2833
X,k,2408,40.8167,141.3333
X,Z,2411,40.9667,141.3667
X,点,2412,40.5833,141.4
X,Ԓ,2423,41.5333,140.9
X,ʑ,2424,41.3333,141.3333
X,ԉY,2425,41.5,140.9667
X,䑺,2426,41.45,140.8833
X,O˒,2441,40.3833,141.25
X,܌˒,2442,40.5167,141.3
X,cq,2443,40.3333,141.15
X,암,2445,40.4167,141.3
X,K㒬,2446,40.4333,141.5833
X,V,2450,40.4667,141.2
茧,s,3201,39.702,141.1543
茧,{Îs,3202,39.6417,141.9567
茧,Dns,3203,39.0838,141.7118
茧,Ԋs,3205,39.3887,141.1136
茧,ks,3206,39.2891,141.114
茧,vs,3207,40.1915,141.77
茧,s,3208,39.333,141.5283
茧,֎s,3209,38.9288,141.1302
茧,Ocs,3210,39.0157,141.6247
茧,Ύs,3211,39.2758,141.8841
茧,ˎs,3213,40.2687,141.303
茧,s,3214,39.9248,141.094
茧,Bs,3215,39.1437,141.1378
茧,s,3216,39.762,141.0772
茧,Β,3301,39.6974,140.9763
茧,,3302,40.0384,141.4363
茧,蒬,3303,39.9676,141.2294
茧,g,3321,39.5593,141.168
茧,В,3322,39.6152,141.1448
茧,a꒬,3366,39.4293,140.7681
茧,P蒬,3381,39.1916,141.1171
茧,,3402,38.9863,141.1147
茧,Zc,3441,39.15,141.5
茧,ƒ,3461,39.35,141.9
茧,Rc,3482,39.4667,141.95
茧,,3483,39.85,141.8
茧,c씨,3484,39.9167,141.8833
茧,㑺,3485,39.9833,141.9167
茧,yĒ,3501,40.3333,141.4667
茧,c,3503,40.1167,141.8167
茧,ˑ,3506,40.2167,141.4167
茧,m쒬,3507,40.3833,141.7
茧,˒,3524,40.2,141.3
{錧,st,4101,38.2682,140.8694
{錧,s{,4102,38.275,140.9239
{錧,sы,4103,38.2435,140.9168
{錧,s,4104,38.2216,140.8507
{錧,s,4105,38.3308,140.8847
{錧,Ίs,4202,38.4355,141.3023
{錧,}s,4203,38.3168,141.0222
{錧,Cs,4205,38.9083,141.5723
{錧,Ύs,4206,38.0035,140.6226
{錧,s,4207,38.1754,140.8906
{錧,pcs,4208,37.9754,140.7816
{錧,s,4209,38.2882,141.0069
{錧,s,4211,38.109,140.8693
{錧,oĎs,4212,38.6946,141.1895
{錧,Is,4213,38.7291,141.0183
{錧,s,4214,38.4239,141.2185
{錧,s,4215,38.5779,140.957
{錧,xJs,4216,38.3986,140.8887
{錧,,4301,38.1408,140.6385
{錧,h,4302,37.9961,140.4191
{錧,͌,4321,38.0531,140.7351
{錧,c,4322,38.125,140.7225
{錧,ēc,4323,38.096,140.7719
{錧,蒬,4324,38.1764,140.6695
{錧,ېX,4341,37.915,140.767
{錧,j,4361,38.0384,140.8523
{錧,R,4362,37.9575,140.8814
{錧,,4401,38.3751,141.0617
{錧,l,4404,38.3032,141.0691
{錧,{,4406,38.3297,140.9839
{錧,a,4421,38.4363,140.9103
{錧,勽,4422,38.4124,141.0427
{錧,t,4424,38.4716,140.9328
{錧,F,4444,38.5638,140.8631
{錧,,4445,38.5752,140.856
{錧,OJ,4501,38.5369,141.127
{錧,,4505,38.5414,141.0535
{錧,쒬,4581,38.4485,141.4442
{錧,O,4606,38.6756,141.4462
Hc,Hcs,5201,39.7202,140.1035
Hc,\s,5202,39.95,140.0333
Hc,s,5203,39.3146,140.5658
Hc,َs,5204,40.273,140.5647
Hc,js,5206,39.8893,139.8493
Hc,s,5207,39.1643,140.4952
Hc,ps,5209,40.1912,140.7891
Hc,R{s,5210,39.3871,140.0505
Hc,s,5211,39.8516,140.003
Hc,s,5212,39.4673,140.4792
Hc,kHcs,5213,40.2289,140.3731
Hc,ɂَs,5214,39.2062,139.9079
Hc,ks,5215,39.7333,140.7333
Hc,⒬,5303,40.3308,140.7485
Hc,㏬m,5327,40.05,140.2667
Hc,,5346,40.25,140.1333
Hc,O풬,5348,39.9833,140.05
Hc,,5349,40.2833,140.0167
Hc,܏ڒ,5361,39.95,140.1167
Hc,Y,5363,39.95,140.0667
Hc,쒬,5366,39.9167,140.1167
Hc,劃,5368,40,140
Hc,,5434,39.4,140.6
Hc,H㒬,5463,39.1833,140.4167
Hc,,5464,39.2,140.65
R`,R`s,6201,38.2554,140.3396
R`,đs,6202,37.919,140.1158
R`,߉s,6203,38.723,139.8242
R`,cs,6204,38.916,139.8364
R`,Vs,6205,38.7668,140.3023
R`,͍]s,6206,38.3756,140.2766
R`,Rs,6207,38.1542,140.2708
R`,Rs,6208,38.4811,140.3759
R`,s,6209,38.1066,140.0406
R`,Vs,6210,38.3618,140.3719
R`,s,6211,38.4285,140.3958
R`,ԑs,6212,38.604,140.4061
R`,zs,6213,38.0601,140.1506
R`,RӒ,6301,38.2833,140.2333
R`,R,6302,38.3,140.2333
R`,͖k,6321,38.4167,140.3
R`,쒬,6322,38.45,140.05
R`,,6323,38.3333,140.1167
R`,],6324,38.3833,140.2
R`,Γc,6341,38.6,140.3667
R`,R,6361,38.85,140.3333
R`,ŏ㒬,6362,38.75,140.5
R`,M`,6363,38.7,140.3167
R`,^쒬,6364,38.9,140.2833
R`,呠,6365,38.6667,140.2667
R`,쑺,6366,38.8333,140.2
R`,ˑ,6367,38.7667,140.0667
R`,,6381,38,140.1833
R`,쐼,6382,38.0167,140.05
R`,,6401,38.05,139.75
R`,钬,6402,38.1833,140.0667
R`,іL,6403,38.0333,139.95
R`,O쒬,6426,38.7667,139.8333
R`,,6428,38.8167,139.9667
R`,V,6461,39.0333,139.8833
,s,7201,37.7606,140.4731
,Îᏼs,7202,37.4952,139.9298
,SRs,7203,37.3995,140.3888
,킫s,7204,37.0519,140.8906
,͎s,7205,37.1306,140.2104
,{s,7207,37.2882,140.3751
,쑽s,7208,37.6499,139.8732
,ns,7209,37.7963,140.9231
,{s,7210,37.591,140.4496
,cs,7211,37.4429,140.5752
,쑊ns,7212,37.642,140.957
,ɒBs,7213,37.822,140.559
,{{s,7214,37.514,140.398
,Kܒ,7301,37.85,140.5167
,,7303,37.8833,140.5667
,얓,7308,37.6833,140.6167
,ʑ,7322,37.5667,140.3833
,Β,7342,37.25,140.35
,Vh,7344,37.2833,140.1333
,,7362,37.2333,139.85
,w},7364,37.0333,139.4333
,,7367,37.3333,139.3167
,Ò,7368,37.1667,139.6
,k,7402,37.6,139.9833
,Ò,7405,37.5833,139.6833
,֒,7407,37.5667,139.9167
,c㒬,7408,37.55,140.1
,Í≺,7421,37.55,139.8167
,쑺,7422,37.5333,139.8667
,Ò,7423,37.5333,139.7167
,O,7444,37.4667,139.65
,R,7445,37.4333,139.5333
,a,7446,37.35,139.6833
,Ô,7447,37.4333,139.85
,,7461,37.0833,140.15
,葺,7464,37.15,140.2833
,,7465,37.15,140.35
,,7466,37.2,140.3333
,Iq,7481,37.0333,140.3833
,Ւ,7482,36.8833,140.4
,,7483,36.95,140.4167
,ΐ쒬,7501,37.15,140.45
,ʐ쑺,7502,37.2,140.4667
,c,7503,37.2333,140.5667
,Óa,7505,37.05,140.5667
,Ot,7521,37.4333,140.5
,쒬,7522,37.2833,140.6167
,L쒬,7541,37.2167,141
,t,7542,37.2833,141
,x,7543,37.3333,141
,,7544,37.3333,140.8
,F,7545,37.4,141
,ot,7546,37.45,141
,Q],7547,37.4833,141
,,7548,37.5167,140.7333
,Vn,7561,37.8833,140.9167
,ъڑ,7564,37.6833,140.75
錧,ˎs,8201,36.3659,140.4714
錧,s,8202,36.5946,140.6548
錧,yYs,8203,36.0825,140.2052
錧,É͎s,8204,36.189,139.7825
錧,Ήs,8205,36.1899,140.2798
錧,s,8207,36.3059,139.877
錧,Ps,8208,35.914,140.1868
錧,Ȏs,8210,36.1843,139.9634
錧,푍s,8211,36.0278,139.9926
錧,헤cs,8212,36.5367,140.5283
錧,s,8214,36.7144,140.7107
錧,ks,8215,36.7972,140.7538
錧,}Ԏs,8216,36.386,140.2605
錧,s,8217,35.9015,140.0619
錧,vs,8219,35.9765,140.1458
錧,Ύs,8220,36.0833,140.0761
錧,ЂȂs,8221,36.3986,140.5332
錧,s,8222,35.9667,140.6433
錧,s,8223,35.9455,140.5557
錧,Js,8224,35.952,139.986
錧,헤{s,8225,36.55,140.4
錧,߉ώs,8226,36.4667,140.4833
錧,}s,8227,36.3129,139.9818
錧,Ⓦs,8228,36.0468,139.8885
錧,~s,8229,35.957,140.3255
錧,݂s,8230,36.148,140.3297
錧,s,8231,36.3242,140.1118
錧,_s,8232,35.8906,140.6651
錧,ss,8233,36.0333,140.4833
錧,gcs,8234,36.1555,140.5186
錧,΂݂炢s,8235,35.972,140.0348
錧,ʎs,8236,36.1833,140.35
錧,钬,8302,36.2833,140.4167
錧,,8309,36.3167,140.5667
錧,闢,8310,36.4833,140.3667
錧,C,8341,36.4667,140.5667
錧,q,8364,36.7667,140.35
錧,Y,8442,36.0167,140.3
錧,,8443,36.0333,140.2167
錧,͓,8447,35.8667,140.2333
錧,㒬,8521,36.2167,139.8833
錧,܉,8542,36.1333,139.8
錧,,8546,36.1167,139.8
錧,,8564,35.85,140.15
Ȗ،,Fs{s,9201,36.555,139.8826
Ȗ،,s,9202,36.3359,139.4492
Ȗ،,Ȗ؎s,9203,36.3813,139.7337
Ȗ،,s,9204,36.3151,139.5786
Ȗ،,s,9205,36.5667,139.7461
Ȗ،,s,9206,36.7497,139.6158
Ȗ،,Rs,9208,36.3115,139.8055
Ȗ،,^s,9209,36.4398,140.0125
Ȗ،,cs,9210,36.8711,140.0152
Ȗ،,s,9211,36.8062,139.9238
Ȗ،,ߐ{s,9213,36.963,140.0468
Ȗ،,s,9214,36.6891,139.967
Ȗ،,ߐ{GRs,9215,36.6565,140.1554
Ȗ،,s,9216,36.399,139.843
Ȗ،,O쒬,9301,36.45,139.9
Ȗ،,vq,9342,36.4667,140.0833
Ȗ،,Ζؒ,9343,36.5333,140.1833
Ȗ،,sL,9344,36.5667,140.1167
Ȗ،,F꒬,9345,36.5833,140.0667
Ȗ،,p,9361,36.4167,139.8167
Ȗ،,ؒ,9364,36.2167,139.7333
Ȗ،,J,9384,36.7833,139.8333
Ȗ،,,9386,36.65,139.9833
Ȗ،,ߐ{,9407,37.0167,140.1333
Ȗ،,߉ϐ쒬,9411,36.7667,140.1167
Qn,Os,10201,36.3895,139.0634
Qn,s,10202,36.3238,139.0064
Qn,ːs,10203,36.4103,139.3331
Qn,ɐs,10204,36.3138,139.1957
Qn,cs,10205,36.2929,139.3758
Qn,cs,10206,36.6457,139.0435
Qn,ٗюs,10207,36.244,139.5358
Qn,as,10208,36.4913,139.0019
Qn,s,10209,36.257,139.0768
Qn,xs,10210,36.2599,138.891
Qn,s,10211,36.3262,138.9137
Qn,݂ǂs,10212,36.3942,139.2782
Qn,Y,10344,36.4667,138.9667
Qn,g,10345,36.45,139.0167
Qn,쑺,10366,36.1,138.7833
Qn,_,10367,36.1167,138.9
Qn,mc,10382,36.2167,138.7833
Qn,q,10383,36.15,138.7167
Qn,Êy,10384,36.2333,138.9167
Qn,V,10421,36.5833,138.85
Qn,쌴,10424,36.55,138.6333
Qn,ڗ,10425,36.5333,138.5167
Qn,Ò,10426,36.6167,138.6
Qn,R,10428,36.6333,138.9333
Qn,Ȓ,10429,36.5667,138.8167
Qn,Еi,10443,36.7667,139.2167
Qn,ꑺ,10444,36.7,139.1333
Qn,a,10448,36.6333,139.0833
Qn,݂Ȃݒ,10449,36.6667,139
Qn,ʑ,10464,36.3,139.1167
Qn,q,10521,36.2167,139.6
Qn,a,10522,36.2167,139.55
Qn,c,10523,36.2167,139.45
Qn,,10524,36.25,139.4167
Qn,Wy,10525,36.25,139.45
ʌ,܎s,11101,35.9082,139.576
ʌ,܎sk,11102,35.9329,139.6119
ʌ,܎s{,11103,35.908,139.6242
ʌ,܎s,11104,35.9262,139.6601
ʌ,܎s,11105,35.8906,139.6264
ʌ,܎s,11106,35.8693,139.6053
ʌ,܎sYa,11107,35.861,139.6455
ʌ,܎s,11108,35.845,139.644
ʌ,܎s΋,11109,35.868,139.6974
ʌ,܎s΋,11110,35.952,139.6953
ʌ,zs,11201,35.9248,139.4872
ʌ,FJs,11202,36.1465,139.389
ʌ,s,11203,35.805,139.7242
ʌ,scs,11206,36.1384,139.4552
ʌ,s,11207,35.993,139.085
ʌ,s,11208,35.795,139.4705
ʌ,є\s,11209,35.854,139.3195
ʌ,{s,11210,36.1265,139.5968
ʌ,{s,11211,36.2393,139.1895
ʌ,Rs,11212,36.0425,139.4004
ʌ,ts,11214,35.9818,139.7548
ʌ,Rs,11215,35.8562,139.4143
ʌ,Hs,11216,36.173,139.5385
ʌ,s,11217,36.0594,139.5166
ʌ,[Js,11218,36.196,139.281
ʌ,s,11219,35.9765,139.591
ʌ,s,11221,35.8239,139.8055
ʌ,zJs,11222,35.89,139.7885
ʌ,ns,11223,35.825,139.68
ʌ,˓cs,11224,35.8153,139.6738
ʌ,Ԏs,11225,35.836,139.388
ʌ,s,11227,35.8003,139.5925
ʌ,u؎s,11228,35.833,139.578
ʌ,as,11229,35.787,139.61
ʌ,Vs,11230,35.79,139.558
ʌ,s,11231,36.002,139.56
ʌ,vs,11232,36.068,139.673
ʌ,k{s,11233,36.027,139.53
ʌ,s,11234,35.81,139.84
ʌ,xms,11235,35.858,139.55
ʌ,Os,11237,35.837,139.882
ʌ,@cs,11238,35.98,139.658
ʌ,ˎs,11239,35.96,139.395
ʌ,Ks,11240,36.07,139.72
ʌ,߃s,11241,35.94,139.39
ʌ,s,11242,35.9,139.34
ʌ,gs,11243,35.88,139.845
ʌ,ӂݖs,11245,35.87,139.52
ʌ,s,11246,36.02,139.66
ʌ,ɓޒ,11301,35.98,139.61
ʌ,OF,11324,35.83,139.51
ʌ,јCR,11326,35.94,139.3
ʌ,z,11327,35.96,139.3
ʌ,쒬,11341,36.05,139.36
ʌ,R,11342,36.05,139.31
ʌ,쒬,11343,36.05,139.26
ʌ,쓇,11346,35.98,139.46
ʌ,g,11347,36.05,139.43
ʌ,R,11348,35.98,139.36
ʌ,Ƃ풬,11349,36,139.25
ʌ,,11361,35.98,139.1
ʌ,F쒬,11362,36.06,139.1
ʌ,Ғ,11363,36.1,139.11
ʌ,쒬,11365,36.01,138.98
ʌ,,11369,36.05,139.2
ʌ,,11381,36.18,139.21
ʌ,_쒬,11383,36.21,139.08
ʌ,㗢,11385,36.25,139.13
ʌ,񋏒,11408,36.11,139.19
ʌ,{㒬,11442,36.02,139.72
ʌ,˒,11464,36.02,139.73
ʌ,,11465,35.91,139.81
t,ts,12101,35.6074,140.113
t,tsԌ,12102,35.6669,140.0911
t,tsы,12103,35.6416,140.1068
t,tst,12104,35.6306,140.1802
t,ts΋,12105,35.5471,140.2312
t,tsl,12106,35.6496,140.0526
t,qs,12202,35.7335,140.8286
t,ss,12203,35.722,139.9329
t,Ds,12204,35.6946,139.9839
t,َRs,12205,34.9961,139.8693
t,؍XÎs,12206,35.3771,139.9238
t,ˎs,12207,35.7875,139.9037
t,cs,12208,35.9525,139.8665
t,Όs,12210,35.426,140.2917
t,cs,12211,35.782,140.3204
t,qs,12212,35.7208,140.2284
t,s,12213,35.5595,140.3664
t,s,12215,35.72,140.65
t,Kus,12216,35.6806,140.026
t,s,12217,35.859,139.9723
t,Ys,12218,35.15,140.3167
t,ss,12219,35.5085,140.1026
t,Rs,12220,35.8569,139.9031
t,s,12221,35.727,140.102
t,䑷qs,12222,35.8703,140.0135
t,s,12223,35.1167,140.1
t,PJs,12224,35.7818,140.0006
t,NÎs,12225,35.3308,139.897
t,xÎs,12226,35.304,139.8213
t,Ys,12227,35.6373,139.8975
t,lXs,12228,35.666,140.169
t,PYs,12229,35.4338,139.957
t,Xs,12230,35.667,140.317
t,󐼎s,12231,35.807,140.136
t,s,12232,35.794,140.051
t,xs,12233,35.728,140.354
t,[s,12234,35.05,139.833
t,xs,12235,35.7,140.567
t,s,12236,35.897,140.503
t,Rs,12237,35.617,140.383
t,ݎs,12238,35.25,140.383
t,Ԕs,12239,35.517,140.317
t,X䒬,12322,35.729,140.27
t,h,12329,35.817,140.2
t,_蒬,12342,35.917,140.4
t,Ò,12347,35.75,140.467
t,,12349,35.817,140.65
t,\㗢,12403,35.533,140.45
t,ŎR,12409,35.7,140.4
t,Ō,12410,35.667,140.5
t,{,12421,35.367,140.367
t,r,12422,35.383,140.283
t,,12423,35.4,140.35
t,q,12424,35.433,140.383
t,,12426,35.45,140.233
t,쒬,12427,35.417,140.2
t,命쒬,12441,35.283,140.25
t,h,12443,35.183,140.35
t,쒬,12463,35.117,139.833
s,c,13101,35.694,139.754
s,,13102,35.67,139.771
s,`,13103,35.658,139.752
s,Vh,13104,35.694,139.704
s,,13105,35.708,139.754
s,䓌,13106,35.713,139.782
s,nc,13107,35.7,139.805
s,],13108,35.672,139.817
s,i,13109,35.609,139.739
s,ڍ,13110,35.641,139.699
s,c,13111,35.561,139.716
s,cJ,13112,35.646,139.654
s,aJ,13113,35.664,139.701
s,,13114,35.708,139.664
s,,13115,35.699,139.636
s,L,13116,35.73,139.716
s,k,13117,35.754,139.73
s,r,13118,35.736,139.783
s,,13119,35.751,139.705
s,n,13120,35.735,139.652
s,,13121,35.776,139.805
s,,13122,35.738,139.859
s,]ː,13123,35.69,139.879
s,qs,13201,35.656,139.339
s,s,13202,35.698,139.412
s,s,13203,35.707,139.568
s,Os,13204,35.684,139.558
s,~s,13205,35.787,139.255
s,{s,13206,35.672,139.481
s,s,13207,35.706,139.356
s,zs,13208,35.65,139.544
s,cs,13209,35.548,139.442
s,s,13210,35.701,139.505
s,s,13211,35.728,139.48
s,s,13212,35.674,139.395
s,Rs,13213,35.755,139.47
s,s,13214,35.7,139.46
s,s,13215,35.688,139.444
s,s,13218,35.737,139.327
s,]s,13219,35.636,139.578
s,as,13220,35.741,139.431
s,s,13221,35.779,139.519
s,vĎs,13222,35.757,139.529
s,Rs,13223,35.758,139.392
s,s,13224,35.637,139.446
s,s,13225,35.638,139.504
s,Hs,13227,35.765,139.313
s,s,13228,35.728,139.225
s,s,13229,35.733,139.546
s,䒬,13303,35.772,139.349
s,̏o,13305,35.75,139.25
s,w,13307,35.733,139.15
s,,13308,35.8,139.1
s,哇,13361,34.733,139.383
s,V,13363,34.367,139.267
s,_Ó,13364,34.217,139.133
s,O,13381,34.083,139.533
s,䒬,13401,33.1,139.8
s,,13402,32.45,139.767
s,},13421,27.1,142.183
_ސ쌧,lsߌ,14101,35.5085,139.6806
_ސ쌧,ls_ސ,14102,35.4802,139.6256
_ސ쌧,ls,14103,35.4593,139.6191
_ސ쌧,ls,14104,35.4443,139.6453
_ސ쌧,ls,14105,35.426,139.6192
_ސ쌧,lsۓyPJ,14106,35.456,139.5912
_ސ쌧,lsq,14107,35.3999,139.625
_ސ쌧,ls,14108,35.3421,139.6231
_ސ쌧,ls`k,14109,35.518,139.6385
_ސ쌧,ls˒ˋ,14110,35.3976,139.5312
_ސ쌧,ls`,14111,35.4055,139.5937
_ސ쌧,ls,14112,35.4746,139.5273
_ސ쌧,ls΋,14113,35.5173,139.536
_ސ쌧,lsJ,14114,35.467,139.4897
_ސ쌧,lsh,14115,35.3678,139.5518
_ސ쌧,ls,14116,35.4293,139.4804
_ސ쌧,lst,14117,35.556,139.5103
_ސ쌧,lss},14118,35.5451,139.563
_ސ쌧,s,14131,35.5303,139.7042
_ސ쌧,sK,14132,35.5492,139.6749
_ސ쌧,s,14133,35.5658,139.6588
_ސ쌧,sË,14134,35.5901,139.6267
_ސ쌧,s,14135,35.6173,139.5707
_ސ쌧,s{O,14136,35.5898,139.5794
_ސ쌧,s,14137,35.598,139.4975
_ސ쌧,͌s΋,14151,35.595,139.31
_ސ쌧,͌s,14152,35.5714,139.375
_ސ쌧,͌s,14153,35.5178,139.421
_ސ쌧,{s,14201,35.281,139.67
_ސ쌧,ˎs,14203,35.33,139.34
_ސ쌧,qs,14204,35.318,139.548
_ސ쌧,s,14205,35.339,139.489
_ސ쌧,cs,14206,35.253,139.156
_ސ쌧,s,14207,35.333,139.4
_ސ쌧,qs,14208,35.295,139.578
_ސ쌧,OYs,14210,35.141,139.621
_ސ쌧,`s,14211,35.375,139.225
_ސ쌧,؎s,14212,35.441,139.362
_ސ쌧,as,14213,35.468,139.458
_ސ쌧,ɐs,14214,35.398,139.317
_ސ쌧,CVs,14215,35.45,139.39
_ސ쌧,Ԏs,14216,35.485,139.405
_ސ쌧,쑫s,14217,35.32,139.11
_ސ쌧,s,14218,35.437,139.425
_ސ쌧,tR,14301,35.267,139.583
_ސ쌧,쒬,14321,35.367,139.383
_ސ쌧,钬,14341,35.31,139.31
_ސ쌧,{,14342,35.3,139.26
_ސ쌧,䒬,14361,35.33,139.23
_ސ쌧,䒬,14362,35.35,139.18
_ސ쌧,c,14363,35.35,139.13
_ސ쌧,Rk,14364,35.38,139.06
_ސ쌧,J,14366,35.33,139.13
_ސ쌧,,14382,35.23,139.1
_ސ쌧,^ߒ,14383,35.15,139.13
_ސ쌧,͌,14384,35.15,139.1
_ސ쌧,쒬,14401,35.51,139.33
_ސ쌧,쑺,14402,35.48,139.25
V,Vsk,15101,37.913,139.132
V,Vs,15102,37.918,139.096
V,Vs,15103,37.917,139.033
V,Vs],15104,37.868,139.094
V,VsHt,15105,37.797,139.141
V,Vs,15106,37.779,138.966
V,Vs,15107,37.864,138.95
V,Vs,15108,37.75,138.833
V,s,15202,37.445,138.847
V,Os,15204,37.635,138.96
V,s,15205,37.368,138.558
V,Vcs,15206,37.95,139.333
V,Js,15208,37.31,138.79
V,Ύs,15209,37.665,139.037
V,\s,15210,37.132,138.756
V,s,15211,37.518,138.91
V,s,15212,38.225,139.483
V,s,15213,37.674,138.868
V,s,15216,37.042,137.859
V,s,15217,36.883,138.25
V,ܐs,15218,37.733,139.183
V,zs,15222,37.113,138.239
V,s,15223,37.833,139.233
V,ns,15224,38.016,138.35
V,s,15225,37.233,138.967
V,싛s,15226,37.08,138.88
V,ٓs,15227,38.05,139.417
V,Ē,15307,37.95,139.217
V,F,15342,37.7,138.833
V,c㒬,15361,37.7,139.067
V,꒬,15385,37.667,139.45
V,o_蒬,15405,37.533,138.7
V,,15461,36.933,138.8
V,Ó쒬,15482,37,138.65
V,H,15504,37.417,138.6
V,֐쑺,15581,38.067,139.55
xR,xRs,16201,36.696,137.213
xR,s,16202,36.745,137.019
xR,Îs,16204,36.809,137.4
xR,Xs,16205,36.85,136.983
xR,s,16206,36.765,137.34
xR,s,16207,36.872,137.45
xR,vgs,16208,36.643,137
xR,s,16209,36.677,136.88
xR,vs,16210,36.567,136.917
xR,ːs,16211,36.717,137.067
xR,M,16321,36.7,137.283
xR,s,16322,36.7,137.35
xR,R,16323,36.667,137.417
xR,P,16342,36.917,137.5
xR,,16343,36.95,137.567
ΐ쌧,s,17201,36.561,136.657
ΐ쌧,s,17202,37.042,136.963
ΐ쌧,s,17203,36.402,136.446
ΐ쌧,֓s,17204,37.391,136.901
ΐ쌧,Fs,17205,37.435,137.26
ΐ쌧,s,17206,36.31,136.31
ΐ쌧,Hs,17207,36.89,136.77
ΐ쌧,قs,17209,36.717,136.7
ΐ쌧,Rs,17210,36.5,136.5
ΐ쌧,\s,17211,36.45,136.517
ΐ쌧,Xss,17212,36.533,136.617
ΐ쌧,k,17324,36.467,136.55
ΐ쌧,Ô,17361,36.667,136.717
ΐ쌧,咬,17365,36.633,136.65
ΐ쌧,u꒬,17384,37.033,136.783
ΐ쌧,Bu,17386,36.817,136.8
ΐ쌧,\o,17407,36.933,136.9
ΐ쌧,,17461,37.233,136.9
ΐ쌧,\o,17463,37.283,137.117
䌧,s,18201,36.064,136.219
䌧,։s,18202,35.649,136.059
䌧,ls,18204,35.497,135.748
䌧,s,18205,35.981,136.491
䌧,Rs,18206,36.061,136.502
䌧,I]s,18207,35.945,136.185
䌧,s,18208,36.217,136.217
䌧,zOs,18209,35.903,136.168
䌧,s,18210,36.167,136.217
䌧,i,18322,36.083,136.35
䌧,rc,18382,35.833,136.383
䌧,zO,18404,35.783,136.167
䌧,zO,18423,35.95,136
䌧,l,18442,35.6,135.95
䌧,l,18481,35.483,135.55
䌧,,18483,35.517,135.667
䌧,ዷ,18501,35.5,135.833
R,b{s,19201,35.662,138.568
R,xmgcs,19202,35.486,138.808
R,ss,19204,35.55,138.9
R,Rs,19205,35.69,138.68
R,匎s,19206,35.61,138.94
R,Bs,19207,35.71,138.45
R,AvXs,19208,35.61,138.4
R,kms,19209,35.85,138.38
R,bs,19210,35.66,138.5
R,Js,19211,35.65,138.63
R,쌴s,19212,35.63,139.11
R,bBs,19213,35.7,138.73
R,s,19214,35.6,138.51
R,sO,19346,35.55,138.48
R,쒬,19364,35.43,138.28
R,g,19365,35.38,138.45
R,암,19366,35.26,138.5
R,xm쒬,19368,35.5,138.43
R,a,19384,35.63,138.55
R,u,19422,35.51,139.06
R,j,19423,35.51,138.85
R,E쑺,19424,35.45,138.83
R,RΑ,19425,35.41,138.86
R,,19429,35.46,138.71
R,xm͌Β,19430,35.5,138.76
R,,19442,35.73,139.05
R,OgR,19443,35.78,139.01
쌧,s,20201,36.651,138.181
쌧,{s,20202,36.238,137.972
쌧,cs,20203,36.402,138.251
쌧,Js,20204,36.061,138.046
쌧,ѓcs,20205,35.515,137.822
쌧,zKs,20206,36.041,138.115
쌧,{s,20207,36.65,138.3
쌧,s,20208,36.326,138.423
쌧,ɓߎs,20209,35.839,137.958
쌧,s,20210,35.727,137.935
쌧,s,20211,36.74,138.36
쌧,咬s,20212,36.5,137.85
쌧,юRs,20213,36.85,138.36
쌧,s,20214,35.996,138.158
쌧,Ks,20215,36.113,137.952
쌧,vs,20217,36.25,138.467
쌧,Ȏs,20218,36.55,138.117
쌧,s,20219,36.35,138.333
쌧,ܖs,20220,36.3,137.9
쌧,C,20303,36.083,138.483
쌧,㑺,20304,35.95,138.55
쌧,q,20305,35.967,138.5
쌧,쑊ؑ,20306,36,138.567
쌧,v䒬,20309,36.167,138.483
쌧,y,20321,36.35,138.633
쌧,c,20323,36.317,138.517
쌧,Ȓ,20324,36.25,138.3
쌧,ؑ,20349,36.4,138.167
쌧,a,20350,36.183,138.217
쌧,zK,20361,36.083,138.083
쌧,xm,20362,35.9,138.217
쌧,,20363,35.95,138.25
쌧,C쒬,20382,35.983,137.983
쌧,֒,20383,35.917,138
쌧,ѓ,20384,35.683,137.917
쌧,얥֑,20385,35.867,137.967
쌧,{c,20388,35.783,137.933
쌧,쒬,20402,35.6,137.9
쌧,X,20403,35.55,137.867
쌧,쒬,20404,35.333,137.867
쌧,q,20407,35.433,137.75
쌧,J,20409,35.267,137.667
쌧,H,20410,35.217,137.633
쌧,,20411,35.383,137.817
쌧,ؑ,20412,35.217,137.75
쌧,V,20413,35.217,137.917
쌧,ו,20414,35.333,137.867
쌧,ؑ,20415,35.5,137.85
쌧,Lu,20416,35.533,137.883
쌧,厭,20417,35.533,138.083
쌧,㏼,20422,35.783,137.7
쌧,ؑ],20423,35.6,137.6
쌧,ؑc,20425,35.95,137.75
쌧,ꑺ,20429,35.85,137.583
쌧,K,20430,35.683,137.65
쌧,ؑ],20432,35.833,137.617
쌧,ё,20446,36.433,137.967
쌧,⑺,20448,36.367,137.883
쌧,,20451,36.133,137.85
쌧,}k,20452,36.4,137.917
쌧,rc,20481,36.417,137.883
쌧,쑺,20482,36.417,137.85
쌧,n,20485,36.7,137.867
쌧,J,20486,36.783,137.9
쌧,钬,20521,36.5,138.183
쌧,z{,20541,36.7,138.317
쌧,R,20543,36.7,138.383
쌧,Rm,20561,36.733,138.417
쌧,ؓ,20562,36.85,138.4
쌧,򉷐,20563,36.917,138.45
쌧,MZ,20583,36.833,138.2
쌧,쑺,20588,36.633,137.967
쌧,эj,20590,36.75,138.25
쌧,h,20602,36.933,138.617
򕌌,򕌎s,21201,35.423,136.761
򕌌,_s,21202,35.362,136.615
򕌌,Rs,21203,36.146,137.252
򕌌,s,21204,35.335,137.123
򕌌,֎s,21205,35.49,136.918
򕌌,Ðs,21206,35.49,137.502
򕌌,Zs,21207,35.545,136.908
򕌌,Qs,21208,35.364,137.253
򕌌,Hs,21209,35.32,136.702
򕌌,bߎs,21210,35.457,137.409
򕌌,ZΎs,21211,35.441,137.014
򕌌,ys,21212,35.356,137.182
򕌌,es,21213,35.398,136.85
򕌌,s,21214,35.426,137.058
򕌌,Rs,21215,35.517,136.783
򕌌,s,21216,35.39,136.691
򕌌,ˎs,21217,36.233,137.183
򕌌,{s,21218,35.467,136.683
򕌌,Ss,21219,35.748,136.963
򕌌,Cs,21220,35.805,137.243
򕌌,CÎs,21221,35.2,136.65
򕌌,쒬,21302,35.391,136.782
򕌌,},21303,35.367,136.767
򕌌,{V,21341,35.3,136.567
򕌌,䒬,21361,35.367,136.517
򕌌,փP,21362,35.367,136.467
򕌌,_˒,21381,35.383,136.6
򕌌,֔V,21382,35.317,136.667
򕌌,,21383,35.35,136.683
򕌌,K쒬,21401,35.5,136.567
򕌌,쒬,21403,35.483,136.633
򕌌,rc,21404,35.433,136.567
򕌌,k,21421,35.45,136.7
򕌌,j,21501,35.433,136.933
򕌌,x,21502,35.467,136.95
򕌌,Ӓ,21503,35.483,137.033
򕌌,@,21504,35.567,137.083
򕌌,SÒ,21505,35.467,137.133
򕌌,쒬,21506,35.583,137.183
򕌌,쑺,21507,35.6,137.283
򕌌,䐓,21521,35.433,137.133
򕌌,쑺,21604,36.267,136.9
É,És,22101,34.975,138.383
É,Ésx͋,22102,34.95,138.4
É,És,22103,35.017,138.483
É,ls,22138,34.711,137.726
É,lsl,22139,34.8,137.8
É,lsV,22140,35,137.9
É,Îs,22203,35.102,138.86
É,MCs,22205,35.099,139.071
É,Os,22206,35.118,138.918
É,xm{s,22207,35.223,138.616
É,ɓs,22208,34.969,139.095
É,cs,22209,34.831,138.176
É,xms,22210,35.163,138.653
É,֓cs,22211,34.718,137.85
É,ĒÎs,22212,34.869,138.324
É,|s,22213,34.773,138.014
É,}s,22214,34.851,138.254
É,as,22215,35.309,138.934
É,܈s,22216,34.745,137.925
É,cs,22219,34.675,138.946
É,s,22220,35.174,138.903
É,ΐs,22221,34.717,137.528
É,ɓs,22222,34.97,138.95
É,Os,22223,34.633,138.217
É,es,22224,34.75,138.083
É,ɓ̍s,22225,35.033,138.933
É,qVs,22226,34.733,138.217
É,ɓ,22301,34.817,139.067
É,͒Ò,22302,34.75,138.983
É,ɓ,22304,34.667,138.867
É,蒬,22305,34.75,138.783
É,ɓ,22306,34.8,138.783
É,쒬,22325,35.1,138.967
É,,22341,35.1,138.9
É,,22342,35.133,138.883
É,R,22344,35.35,138.983
É,gc,22424,34.767,138.233
É,썪{,22429,35.1,138.1
É,X,22461,34.833,137.933
m,És,23101,35.171,136.947
m,És,23102,35.18,136.918
m,Ésk,23103,35.207,136.918
m,És,23104,35.196,136.885
m,És,23105,35.169,136.879
m,És,23106,35.165,136.902
m,Ésa,23107,35.147,136.937
m,És,23108,35.123,136.941
m,ÉsMc,23109,35.128,136.908
m,És,23110,35.136,136.858
m,És`,23111,35.093,136.88
m,És,23112,35.094,136.923
m,ÉsR,23113,35.21,136.97
m,És΋,23114,35.082,136.978
m,És,23115,35.17,136.99
m,ÉsV,23116,35.126,136.974
m,Ls,23201,34.769,137.391
m,s,23202,34.953,137.164
m,{s,23203,35.304,136.804
m,ˎs,23204,35.226,137.085
m,cs,23205,34.896,136.93
m,ts,23206,35.247,136.972
m,Ls,23207,34.823,137.395
m,Ós,23208,35.176,136.721
m,ɓs,23209,34.886,136.99
m,Js,23210,34.99,137.01
m,Lcs,23211,35.083,137.158
m,s,23212,34.958,137.085
m,s,23213,34.869,137.049
m,Ss,23214,34.826,137.221
m,Rs,23215,35.381,136.946
m,튊s,23216,34.888,136.834
m,]s,23217,35.336,136.868
m,qs,23219,35.29,136.92
m,s,23220,35.253,136.782
m,Vs,23221,34.9,137.5
m,Cs,23222,35.024,136.9
m,{s,23223,35.008,136.96
m,ms,23224,34.992,136.86
m,ms,23225,35.01,137.04
m,s,23226,35.216,137.037
m,ls,23227,34.93,136.99
m,qs,23228,35.279,136.87
m,Ls,23229,35.05,137.01
m,is,23230,35.15,137.04
m,cs,23231,34.667,137.267
m,s,23232,35.15,136.7
m,{s,23233,35.2,136.85
m,kÉs,23234,35.25,136.867
m,xs,23235,35.1,136.717
m,݂悵s,23236,35.1,137.067
m,܎s,23237,35.2,136.783
m,vs,23238,35.183,137.05
m,,23302,35.117,137.067
m,LR,23342,35.25,136.917
m,}K,23362,35.333,136.9
m,厡,23424,35.167,136.817
m,I],23425,35.133,136.783
m,򓇑,23427,35.067,136.783
m,v䒬,23441,34.933,136.917
m,Y,23442,34.95,136.967
m,m,23445,34.7,136.9
m,l,23446,34.783,136.9
m,L,23447,34.85,136.917
m,Kc,23501,34.867,137.167
m,݊y,23561,35.1,137.567
m,h,23562,35.067,137.7
m,L,23563,35.217,137.75
Od,Îs,24201,34.718,136.505
Od,lss,24202,34.966,136.626
Od,ɐs,24203,34.489,136.71
Od,s,24204,34.576,136.533
Od,Ks,24205,35.065,136.687
Od,鎭s,24207,34.88,136.58
Od,s,24208,34.625,136.108
Od,hs,24209,34.07,136.19
Od,TRs,24210,34.856,136.452
Od,Hs,24211,34.482,136.842
Od,Fs,24212,33.889,136.096
Od,Ȃ׎s,24214,35.167,136.517
Od,us,24215,34.333,136.833
Od,ɉs,24216,34.767,136.133
Od,ؑ],24303,35.067,136.717
Od,,24324,35.083,136.567
Od,Ԗ쒬,24341,35.017,136.517
Od,,24343,35.033,136.667
Od,z,24344,35.017,136.683
Od,C,24441,34.5,136.567
Od,a,24442,34.55,136.633
Od,䒬,24443,34.383,136.317
Od,ʏ钬,24461,34.5,136.633
Od,x,24470,34.417,136.6
Od,I,24471,34.3,136.433
Od,ɐ,24472,34.3,136.667
Od,Ik,24543,34.167,136.25
Od,l,24561,33.817,136.067
Od,I,24562,33.767,136.033
ꌧ,Îs,25201,35.005,135.862
ꌧ,Fs,25202,35.275,136.258
ꌧ,ls,25203,35.381,136.262
ꌧ,ߍ]s,25204,35.129,136.1
ꌧ,Îs,25206,35.019,135.96
ꌧ,Rs,25207,35.059,135.992
ꌧ,Is,25208,35.025,136.012
ꌧ,bs,25209,34.904,136.212
ꌧ,Fs,25210,35.067,136.023
ꌧ,Γs,25211,34.993,136.095
ꌧ,s,25212,35.333,136.033
ꌧ,ߍ]s,25213,35.117,136.2
ꌧ,Čs,25214,35.317,136.3
ꌧ,쒬,25383,35.017,136.25
ꌧ,,25384,35.083,136.083
ꌧ,,25425,35.2,136.2
ꌧ,L,25441,35.217,136.167
ꌧ,bǒ,25442,35.25,136.2
ꌧ,꒬,25443,35.233,136.3
s{,ssk,26101,35.045,135.748
s{,ss㋞,26102,35.027,135.753
s{,ss,26103,35.049,135.782
s{,ss,26104,35.011,135.754
s{,ssR,26105,34.995,135.779
s{,ss,26106,34.995,135.758
s{,ss,26107,34.975,135.748
s{,ssE,26108,35.014,135.706
s{,ss,26109,34.935,135.762
s{,ssRȋ,26110,34.98,135.814
s{,ss,26111,34.978,135.69
s{,mRs,26201,35.297,135.122
s{,ߎs,26202,35.474,135.394
s{,s,26203,35.3,135.263
s{,Fs,26204,34.89,135.805
s{,{Îs,26205,35.535,135.193
s{,Ts,26206,35.017,135.581
s{,zs,26207,34.85,135.78
s{,s,26208,34.93,135.72
s{,s,26209,34.92,135.7
s{,s,26210,34.88,135.7
s{,cӎs,26211,34.82,135.77
s{,Os,26212,35.633,135.05
s{,Os,26213,35.1,135.467
s{,ؒÐs,26214,34.73,135.82
s{,R蒬,26303,34.9,135.7
s{,vR,26322,34.88,135.75
s{,蒬,26343,34.81,135.81
s{,Fc,26344,34.83,135.88
s{,}u,26364,34.76,135.93
s{,a,26365,34.78,135.9
s{,ؒ,26366,34.76,135.76
s{,R鑺,26367,34.76,135.98
s{,Og,26407,35.18,135.43
s{,ɍ,26463,35.66,135.28
s{,^Ӗ쒬,26465,35.53,135.13
{,ss,27102,34.708,135.526
{,s,27103,34.695,135.483
{,sԋ,27104,34.681,135.443
{,s,27106,34.679,135.485
{,s`,27107,34.662,135.464
{,s吳,27108,34.652,135.473
{,sV,27109,34.66,135.518
{,sQ,27111,34.659,135.499
{,s,27113,34.708,135.45
{,s,27114,34.739,135.521
{,s,27115,34.673,135.545
{,s,27116,34.653,135.539
{,s,27117,34.717,135.55
{,s铌,27118,34.697,135.558
{,s{,27119,34.636,135.516
{,sZg,27120,34.614,135.498
{,sZg,27121,34.629,135.527
{,s,27122,34.637,135.496
{,s,27123,34.721,135.48
{,sߌ,27124,34.706,135.576
{,sZV],27125,34.62,135.46
{,s,27126,34.621,135.555
{,sk,27127,34.694,135.502
{,s,27128,34.685,135.505
{,s,27141,34.57,135.47
{,s,27142,34.52,135.5
{,s,27143,34.53,135.53
{,s,27144,34.55,135.44
{,s,27145,34.46,135.48
{,sk,27146,34.58,135.5
{,s,27147,34.55,135.55
{,ݘacs,27202,34.46,135.37
{,Ls,27203,34.78,135.47
{,rcs,27204,34.82,135.43
{,cs,27205,34.76,135.51
{,Îs,27206,34.5,135.41
{,Ύs,27207,34.85,135.62
{,Lˎs,27208,34.44,135.36
{,s,27209,34.73,135.56
{,s,27210,34.81,135.65
{,؎s,27211,34.81,135.56
{,s,27212,34.62,135.6
{,򍲖s,27213,34.41,135.31
{,xcюs,27214,34.5,135.6
{,Qs,27215,34.76,135.62
{,͓s,27216,34.46,135.56
{,s,27217,34.6,135.55
{,哌s,27218,34.71,135.62
{,as,27219,34.48,135.41
{,ʎs,27220,34.82,135.47
{,s,27221,34.58,135.62
{,Hgs,27222,34.56,135.59
{,^s,27223,34.73,135.58
{,ےÎs,27224,34.75,135.55
{,Ύs,27225,34.51,135.43
{,䎛s,27226,34.58,135.6
{,s,27227,34.68,135.58
{,s,27228,34.37,135.27
{,ls,27229,34.73,135.63
{,s,27230,34.78,135.68
{,㋷Rs,27231,34.5,135.53
{,s,27232,34.35,135.23
{,{,27301,34.9,135.66
{,L\,27321,34.9,135.45
{,\,27322,34.98,135.4
{,,27341,34.48,135.4
{,F撬,27361,34.4,135.35
{,cK,27362,34.4,135.28
{,,27366,34.3,135.16
{,q,27381,34.51,135.63
{,͓쒬,27382,34.5,135.63
{,瑁ԍ㑺,27383,34.45,135.63
Ɍ,_ˎs,28101,34.71,135.26
Ɍ,_ˎs,28102,34.71,135.22
Ɍ,_ˎsɋ,28105,34.68,135.17
Ɍ,_ˎsc,28106,34.66,135.14
Ɍ,_ˎs{,28107,34.66,135.1
Ɍ,_ˎs,28108,34.64,135.05
Ɍ,_ˎsk,28109,34.78,135.18
Ɍ,_ˎs,28110,34.69,135.19
Ɍ,_ˎs,28111,34.68,135.02
Ɍ,PHs,28201,34.81,134.69
Ɍ,s,28202,34.73,135.4
Ɍ,Ύs,28203,34.64,134.99
Ɍ,{s,28204,34.74,135.34
Ɍ,F{s,28205,34.34,134.9
Ɍ,s,28206,34.73,135.3
Ɍ,ɒOs,28207,34.78,135.4
Ɍ,s,28208,34.8,134.47
Ɍ,Ls,28209,35.54,134.82
Ɍ,Ðs,28210,34.76,134.84
Ɍ,ԕs,28212,34.75,134.39
Ɍ,es,28213,35,134.98
Ɍ,ˎs,28214,34.8,135.36
Ɍ,O؎s,28215,34.8,134.98
Ɍ,s,28216,34.78,134.79
Ɍ,쐼s,28217,34.83,135.41
Ɍ,s,28218,34.85,134.93
Ɍ,Ocs,28219,34.88,135.22
Ɍ,s,28220,34.93,134.85
Ɍ,OgRs,28221,35.08,135.22
Ɍ,{s,28222,35.33,134.76
Ɍ,Ogs,28223,35.15,135.08
Ɍ,삠킶s,28224,34.25,134.8
Ɍ,s,28225,35.23,134.83
Ɍ,WHs,28226,34.43,134.88
Ɍ,s,28227,35,134.55
Ɍ,s,28228,34.91,135.06
Ɍ,̎s,28229,34.86,134.54
Ɍ,쒬,28301,34.9,135.38
Ɍ,,28365,35.08,135
Ɍ,,28381,34.73,134.9
Ɍ,d,28382,34.71,134.86
Ɍ,s쒬,28442,34.98,134.78
Ɍ,蒬,28443,34.95,134.76
Ɍ,_͒,28446,35.1,134.73
Ɍ,q,28464,34.81,134.58
Ɍ,S,28481,34.85,134.38
Ɍ,p,28501,35,134.35
Ɍ,,28585,35.6,134.6
Ɍ,V,28586,35.56,134.45
ޗǌ,ޗǎs,29201,34.685,135.833
ޗǌ,acs,29202,34.516,135.738
ޗǌ,aSRs,29203,34.646,135.782
ޗǌ,Vs,29204,34.598,135.834
ޗǌ,s,29205,34.502,135.792
ޗǌ,s,29206,34.515,135.851
ޗǌ,ܞs,29207,34.349,135.695
ޗǌ,䏊s,29208,34.464,135.742
ޗǌ,s,29209,34.694,135.702
ޗǌ,Ŏs,29210,34.538,135.696
ޗǌ,s,29211,34.49,135.723
ޗǌ,FɎs,29212,34.5,135.95
ޗǌ,RY,29322,34.7,135.967
ޗǌ,Q,29342,34.65,135.717
ޗǌ,O,29343,34.617,135.683
ޗǌ,,29344,34.617,135.733
ޗǌ,g,29345,34.633,135.75
ޗǌ,쐼,29361,34.583,135.767
ޗǌ,O,29362,34.567,135.783
ޗǌ,c{,29363,34.55,135.8
ޗǌ,],29385,34.5,136.133
ޗǌ,,29386,34.5,136.217
ޗǌ,撬,29401,34.45,135.8
ޗǌ,,29402,34.467,135.817
ޗǌ,q,29424,34.55,135.7
ޗǌ,,29425,34.6,135.7
ޗǌ,L˒,29426,34.533,135.733
ޗǌ,͍,29427,34.583,135.717
ޗǌ,g쒬,29441,34.367,135.867
ޗǌ,嗄,29442,34.383,135.8
ޗǌ,s,29443,34.35,135.8
ޗǌ,ꑺ,29444,34.3,135.833
ޗǌ,V쑺,29446,34.217,135.85
ޗǌ,씗쑺,29447,34.15,135.717
ޗǌ,\Ð쑺,29449,33.967,135.783
ޗǌ,kR,29450,34,135.967
ޗǌ,kR,29451,34.083,135.983
ޗǌ,㑺,29452,34.2,135.95
ޗǌ,g쑺,29453,34.333,135.983
a̎R,a̎Rs,30201,34.23,135.17
a̎R,Cs,30202,34.15,135.2
a̎R,{s,30203,34.32,135.6
a̎R,Lcs,30204,34.08,135.13
a̎R,Vs,30205,33.89,135.15
a̎R,cӎs,30206,33.73,135.38
a̎R,V{s,30207,33.72,135.98
a̎R,I̐s,30208,34.26,135.35
a̎R,os,30209,34.26,135.31
a̎R,I쒬,30304,34.15,135.33
a̎R,炬,30341,34.28,135.5
a̎R,xR,30343,34.28,135.55
a̎R,쒬,30344,34.21,135.58
a̎R,,30361,34.03,135.16
a̎R,L쒬,30362,34.01,135.16
a̎R,Lc쒬,30366,34.05,135.21
a̎R,l,30381,33.88,135.13
a̎R,,30382,33.9,135.13
a̎R,Rǒ,30383,33.96,135.11
a̎R,쒬,30390,33.81,135.21
a̎R,݂Ȃג,30391,33.8,135.33
a̎R,쒬,30392,33.91,135.25
a̎R,l,30401,33.68,135.35
a̎R,xc,30404,33.7,135.4
a̎R,ݒ,30406,33.55,135.48
a̎R,ߒqY,30421,33.63,135.93
a̎R,n,30422,33.58,135.95
a̎R,Í쒬,30424,33.58,135.7
a̎R,kR,30427,33.93,136.03
a̎R,{,30428,33.46,135.78
挧,s,31201,35.503,134.235
挧,Ďqs,31202,35.428,133.329
挧,qgs,31203,35.431,133.824
挧,`s,31204,35.541,133.232
挧,,31302,35.583,134.333
挧,,31325,35.333,134.4
挧,q,31328,35.267,134.233
挧,,31329,35.4,134.2
挧,O,31364,35.4,133.9
挧,l,31370,35.483,133.9
挧,ՉY,31371,35.5,133.7
挧,kh,31372,35.483,133.783
挧,gÑ,31384,35.45,133.367
挧,R,31386,35.5,133.5
挧,암,31389,35.333,133.333
挧,˒,31390,35.35,133.383
挧,쒬,31401,35.15,133.2
挧,쒬,31402,35.217,133.3
挧,]{,31403,35.283,133.467
,]s,32201,35.469,133.05
,lcs,32202,34.898,132.08
,o_s,32203,35.366,132.758
,vcs,32204,34.675,131.848
,cs,32205,35.19,132.497
,s,32206,35.43,133.25
,]Îs,32207,35.011,132.222
,_s,32209,35.28,132.91
,o_,32343,35.2,133
,ѓ쒬,32386,35.1,132.8
,{,32441,34.98,132.5
,,32448,35.05,132.65
,W쒬,32449,34.9,132.6
,Øa쒬,32501,34.46,131.76
,g꒬,32505,34.4,131.88
,Cm,32525,36.1,133.1
,m,32526,36.08,133
,B̓,32528,36.2,133.3
R,Rsk,33101,34.66,133.92
R,Rs,33102,34.66,133.95
R,Rs,33103,34.67,134.01
R,Rs,33104,34.62,133.92
R,q~s,33202,34.58,133.77
R,ÎRs,33203,35.06,134
R,ʖs,33204,34.49,133.94
R,}s,33205,34.5,133.5
R,䌴s,33207,34.5,133.46
R,Ўs,33208,34.67,133.75
R,s,33209,34.8,133.61
R,Vs,33210,34.98,133.46
R,Os,33211,34.75,134.2
R,˓s,33212,34.68,134.1
R,Ԕ֎s,33213,34.75,134.01
R,^s,33214,35.08,133.75
R,s,33215,35,134.15
R,s,33216,34.53,133.56
R,aC,33346,34.8,134.15
R,,33423,34.61,133.83
R,,33445,34.51,133.53
R,|,33461,34.63,133.58
R,V,33586,35.2,133.6
R,쒬,33606,35.15,133.9
R,,33622,35.05,134.05
R,ދ`,33623,35.15,134.06
R,q,33643,35.2,134.3
R,vē쒬,33663,34.88,133.96
R,璬,33666,34.9,133.95
R,g,33681,34.83,133.75
L,Ls,34101,34.39,132.45
L,Ls,34102,34.4,132.48
L,Ls,34103,34.37,132.47
L,Ls,34104,34.39,132.42
L,Ls,34105,34.45,132.45
L,Lsk,34106,34.5,132.5
L,Ls|,34107,34.35,132.55
L,Ls,34108,34.35,132.35
L,s,34202,34.24,132.56
L,|s,34203,34.34,132.9
L,Os,34204,34.4,133.08
L,s,34205,34.4,133.2
L,Rs,34207,34.48,133.36
L,{s,34208,34.56,133.23
L,Os,34209,34.8,132.85
L,s,34210,34.86,133.02
L,|s,34211,34.23,132.22
L,Ls,34212,34.42,132.74
L,ss,34213,34.35,132.33
L,|cs,34214,34.66,132.7
L,]cs,34215,34.25,132.45
L,{,34302,34.38,132.5
L,Cc,34304,34.36,132.53
L,F쒬,34307,34.33,132.58
L,⒬,34309,34.31,132.5
L,|c,34368,34.5,132.3
L,kL,34369,34.6,132.5
L,㓇,34431,34.25,132.83
L,,34462,34.58,133.05
L,_΍,34545,34.7,133.2
R,֎s,35201,33.95,130.94
R,Fs,35202,33.95,131.25
R,Rs,35203,34.18,131.47
R,s,35204,34.4,131.4
R,h{s,35206,34.05,131.56
R,s,35207,34.01,131.86
R,⍑s,35208,34.16,132.21
R,s,35210,33.96,131.95
R,s,35211,34.37,131.18
R,s,35212,33.96,132.1
R,Is,35213,34.16,131.2
R,s,35215,34.05,131.8
R,Rzcs,35216,33.98,131.17
R,h哇,35305,33.93,132.3
R,aؒ,35321,34.2,132.21
R,֒,35341,33.8,132.1
R,cz{,35343,33.96,132.05
R,,35344,33.95,132.06
R,,35502,34.5,131.46
,s,36201,34.07,134.55
,s,36202,34.17,134.6
,s,36203,34,134.58
,s,36204,33.91,134.65
,gs,36205,34.06,134.35
,gs,36206,34.08,134.25
,ns,36207,34.06,134.15
,ODs,36208,34.03,133.85
,Y,36301,33.93,134.5
,㏟,36302,33.9,134.4
,߉͓,36321,33.98,134.46
,Έ䒬,36341,34.06,134.45
,_R,36342,34,134.3
,߉꒬,36368,33.8,134.2
,,36383,33.66,134.41
,g,36387,33.73,134.51
,Cz,36388,33.6,134.3
,Β,36401,34.13,134.58
,k,36402,34.1,134.56
,Z,36403,34.11,134.5
,쒬,36404,34.13,134.46
,,36405,34.11,134.41
,邬,36468,34,134
,݂悵,36489,34.03,133.93
쌧,s,37201,34.34,134.04
쌧,ۋTs,37202,34.29,133.8
쌧,os,37203,34.31,133.85
쌧,Pʎs,37204,34.22,133.78
쌧,ωs,37205,34.13,133.65
쌧,ʂs,37206,34.28,134.2
쌧,s,37207,34.23,134.35
쌧,OLs,37208,34.15,133.71
쌧,y,37322,34.48,134.18
쌧,,37324,34.48,134.28
쌧,Oؒ,37341,34.26,134.13
쌧,,37364,34.46,133.98
쌧,FÒ,37386,34.3,133.81
쌧,쒬,37387,34.23,133.96
쌧,Օ,37403,34.18,133.81
쌧,xÒ,37404,34.26,133.75
쌧,܂̂,37406,34.16,133.9
Q,Rs,38201,33.84,132.76
Q,s,38202,34.06,133
Q,Fas,38203,33.22,132.56
Q,ls,38204,33.45,132.41
Q,Vls,38205,33.96,133.28
Q,s,38206,33.91,133.18
Q,Fs,38207,33.5,132.55
Q,ɗ\s,38210,33.75,132.7
Q,ls,38213,33.98,133.55
Q,\s,38214,33.36,132.51
Q,s,38215,33.78,132.88
Q,㓇,38356,34.2,133.2
Q,v,38386,33.6,132.9
Q,O,38401,33.78,132.71
Q,u,38402,33.76,132.75
Q,q,38422,33.55,132.65
Q,ɕ,38442,33.48,132.3
Q,쒬,38484,33.25,132.7
Q,Sk,38488,33.28,132.68
Q,쒬,38506,32.98,132.58
m,ms,39201,33.56,133.53
m,ˎs,39202,33.28,134.15
m,|s,39203,33.5,133.9
m,썑s,39204,33.6,133.63
m,ys,39205,33.5,133.41
m,{s,39206,33.39,133.28
m,hюs,39208,32.93,132.72
m,ys,39209,32.78,132.95
m,l\s,39210,32.99,132.93
m,s,39211,33.58,133.7
m,s,39212,33.63,133.73
m,m,39301,33.55,134.28
m,ޔ,39302,33.41,134.01
m,c쒬,39303,33.43,134
m,c,39304,33.45,133.98
m,k쑺,39305,33.48,134.03
m,nH,39306,33.51,133.98
m,|,39307,33.51,133.83
m,{R,39341,33.68,133.58
m,L,39344,33.73,133.56
m,y,39363,33.66,133.48
m,쑺,39364,33.71,133.41
m,̒,39386,33.55,133.4
m,m쒬,39387,33.5,133.1
m,y,39401,33.36,133.2
m,쒬,39402,33.5,133.28
m,zm,39403,33.48,133.23
m,,39405,33.38,132.91
m,,39410,33.51,133.36
m,Ö쒬,39411,33.36,133.06
m,l\,39412,33.2,133
m,匎,39424,32.8,132.7
m,,39428,33,132.9
,kBsi,40101,33.93,130.96
,kBsᏼ,40103,33.9,130.8
,kBs˔,40105,33.9,130.83
,kBsqk,40106,33.88,130.87
,kBsq,40107,33.8,130.86
,kBs,40108,33.86,130.81
,kBs,40109,33.86,130.73
,s,40131,33.63,130.43
,s,40132,33.59,130.42
,s,40133,33.59,130.39
,s,40134,33.55,130.42
,s,40135,33.58,130.3
,s,40136,33.55,130.38
,sǋ,40137,33.55,130.35
,喴cs,40202,33.02,130.44
,vĎs,40203,33.31,130.5
,s,40204,33.73,130.73
,ђˎs,40205,33.64,130.69
,cs,40206,33.63,130.8
,s,40207,33.16,130.4
,s,40210,33.21,130.55
,}s,40211,33.2,130.48
,s,40212,33.2,130.38
,ss,40213,33.73,131
,LOs,40214,33.61,131.13
,Ԏs,40215,33.81,130.7
,Ss,40216,33.4,130.55
,}s,40217,33.49,130.51
,ts,40218,33.53,130.46
,s,40219,33.53,130.48
,@s,40220,33.8,130.53
,ɕ{s,40221,33.51,130.51
,És,40223,33.73,130.46
,Îs,40224,33.76,130.48
,͎s,40225,33.35,130.7
,{s,40226,33.71,130.65
,Ös,40227,33.55,130.71
,qs,40228,33.41,130.66
,݂܎s,40229,33.15,130.46
,s,40230,33.56,130.2
,߉ϐs,40231,33.5,130.4
,F,40341,33.56,130.51
,I,40342,33.61,130.53
,uƒ,40343,33.6,130.48
,{b,40344,33.58,130.5
,V{,40345,33.7,130.43
,vR,40348,33.65,130.5
,,40349,33.61,130.46
,,40381,33.9,130.65
,,40382,33.86,130.68
,_,40383,33.85,130.61
,꒬,40384,33.83,130.65
,|,40401,33.68,130.7
,Ǝ蒬,40402,33.75,130.68
,j쒬,40421,33.6,130.65
,}O,40447,33.45,130.56
,,40448,33.4,130.8
,品,40503,33.36,130.58
,ؒ,40522,33.18,130.43
,L쒬,40544,33.25,130.56
,t,40601,33.68,130.85
,Yc,40602,33.56,130.85
,c,40604,33.65,130.78
,蒬,40605,33.6,130.81
,C,40608,33.63,130.85
,ԑ,40609,33.68,130.88
,q,40610,33.71,130.78
,c,40621,33.78,130.96
,݂₱,40625,33.7,130.93
,gx,40642,33.6,131.18
,ђ,40646,33.58,131.13
,z㒬,40647,33.65,131.03
ꌧ,s,41201,33.26,130.3
ꌧ,Îs,41202,33.44,129.97
ꌧ,s,41203,33.37,130.51
ꌧ,vs,41204,33.28,130.1
ꌧ,ɖs,41205,33.27,129.88
ꌧ,Ys,41206,33.19,130.01
ꌧ,s,41207,33.1,130.09
ꌧ,s,41208,33.28,130.19
ꌧ,s,41209,33.1,130.03
ꌧ,_s,41210,33.3,130.36
ꌧ,g샖,41327,33.32,130.39
ꌧ,R,41341,33.41,130.51
ꌧ,,41345,33.35,130.45
ꌧ,݂₫,41346,33.35,130.48
ꌧ,C,41387,33.5,129.85
ꌧ,Lc,41401,33.18,129.88
ꌧ,咬,41423,33.21,130.13
ꌧ,]k,41424,33.23,130.16
ꌧ,Β,41425,33.18,130.13
ꌧ,ǒ,41441,33,130.18
茧,s,42201,32.75,129.88
茧,ێs,42202,33.17,129.71
茧,s,42203,32.78,130.36
茧,|s,42204,32.84,130.04
茧,呺s,42205,32.9,129.95
茧,ˎs,42207,33.36,129.55
茧,Ys,42208,33.33,129.7
茧,Δns,42209,34.2,129.28
茧,s,42210,33.75,129.69
茧,ܓs,42211,32.69,128.84
茧,Cs,42212,32.95,129.68
茧,_s,42213,32.78,130.2
茧,쓇s,42214,32.63,130.26
茧,^,42307,32.81,129.86
茧,Ò,42308,32.83,129.85
茧,ދn,42321,33.01,129.91
茧,I,42322,33.06,129.86
茧,g,42323,33.13,129.9
茧,l꒬,42383,33.18,129.06
茧,X,42391,33.25,129.63
茧,Vܓ,42411,32.98,129.06
F{,F{s,43101,32.8,130.7
F{,F{s,43102,32.8,130.76
F{,F{s,43103,32.8,130.65
F{,F{s,43104,32.75,130.68
F{,F{sk,43105,32.85,130.71
F{,s,43202,32.5,130.6
F{,lgs,43203,32.21,130.76
F{,rs,43204,32.98,130.43
F{,s,43205,32.21,130.4
F{,ʖs,43206,32.93,130.55
F{,Rs,43208,33,130.68
F{,ers,43210,32.98,130.81
F{,Fys,43211,32.68,130.66
F{,Vs,43212,32.58,130.43
F{,Fs,43213,32.63,130.61
F{,hs,43214,32.95,131.11
F{,Vs,43215,32.45,130.18
F{,us,43216,32.88,130.76
F{,,43348,32.66,130.81
F{,ʓ,43364,32.9,130.61
F{,֒,43367,33.05,130.55
F{,F,43368,32.9,130.46
F{,a,43369,33.01,130.6
F{,Ò,43403,32.88,130.86
F{,ez,43404,32.85,130.81
F{,쏬,43423,33.08,131.06
F{,,43424,33.11,131.06
F{,YR,43425,33,131.13
F{,X,43428,32.86,131.13
F{,,43432,32.81,130.9
F{,숢h,43433,32.85,131.01
F{,D,43441,32.71,130.81
F{,Ó,43442,32.76,130.75
F{,v钬,43443,32.78,130.81
F{,b,43444,32.68,130.75
F{,Rs,43447,32.65,131.01
F{,X쒬,43468,32.56,130.66
F{,k,43482,32.33,130.51
F{,Óޖؒ,43484,32.25,130.45
F{,ђ,43501,32.23,130.81
F{,ǖؒ,43505,32.26,130.86
F{,O,43506,32.28,130.91
F{,㑺,43507,32.33,130.96
F{,Ǒ,43510,32.26,130.75
F{,ܖؑ,43511,32.4,130.68
F{,R],43512,32.25,130.7
F{,,43513,32.26,130.58
F{,蒬,43514,32.25,130.8
F{,k,43531,32.48,130.03
啪,啪s,44201,33.23,131.6
啪,ʕ{s,44202,33.28,131.5
啪,Îs,44203,33.6,131.18
啪,cs,44204,33.31,130.93
啪,s,44205,32.96,131.9
啪,Pns,44206,33.13,131.8
啪,Ëvs,44207,33.07,131.86
啪,|cs,44208,32.96,131.4
啪,L㍂cs,44209,33.56,131.45
啪,nzs,44210,33.41,131.61
啪,Fs,44211,33.53,131.35
啪,Ls,44212,32.98,131.58
啪,Rzs,44213,33.26,131.35
啪,s,44214,33.56,131.71
啪,P,44322,33.71,131.68
啪,o,44341,33.36,131.53
啪,d,44461,33.16,131.2
啪,쒬,44462,33.28,131.15
{茧,{s,45201,31.91,131.42
{茧,ss,45202,31.72,131.06
{茧,s,45203,32.58,131.66
{茧,s,45204,31.6,131.38
{茧,юs,45205,31.98,130.96
{茧,s,45206,32.43,131.62
{茧,Ԏs,45207,31.45,131.23
{茧,ss,45208,32.11,131.4
{茧,т̎s,45209,32.05,130.81
{茧,OҒ,45341,31.76,131.11
{茧,,45361,31.91,130.98
{茧,x,45382,31.98,131.31
{茧,,45383,32,131.3
{茧,璬,45401,32.13,131.5
{茧,Vx,45402,32.08,131.48
{茧,ėǑ,45403,32.2,131.16
{茧,؏钬,45404,32.2,131.45
{茧,쒬,45405,32.15,131.53
{茧,s_,45406,32.25,131.56
{茧,쒬,45421,32.5,131.65
{茧,ˑ,45429,32.56,131.33
{茧,ŗt,45430,32.45,131.18
{茧,,45431,32.43,131.33
{茧,䒬,45441,32.7,131.3
{茧,Ve,45442,32.63,131.36
{茧,܃,45443,32.65,131.2
,s,46201,31.59,130.55
,s,46203,31.38,130.85
,s,46204,31.26,130.29
,vs,46206,31.98,130.19
,os,46208,32.08,130.35
,whs,46210,31.25,130.63
,V\s,46213,30.73,131
,s,46214,31.48,130.8
,Fs,46215,31.81,130.3
,us,46216,31.63,130.4
,]s,46217,31.66,131.01
,s,46218,31.75,130.76
,ؖs,46219,31.7,130.26
,삳܎s,46220,31.4,130.25
,uzus,46221,31.48,131.1
,s,46222,28.38,129.49
,Bs,46223,31.4,130.45
,ɍs,46224,32.05,130.6
,ǎs,46225,31.73,130.58
,ܒ,46392,31.9,130.46
,,46404,32.15,130.16
,N,46452,31.9,130.68
,蒬,46468,31.41,131.03
,ǒ,46482,31.38,130.98
,э],46490,31.28,130.78
,,46491,31.16,130.7
,̕t,46492,31.36,130.91
,q,46501,30.56,130.96
,q,46502,30.41,130.95
,v,46505,30.35,130.51
,a,46523,28.33,129.35
,F,46524,28.3,129.28
,˓,46525,28.18,129.29
,,46527,28.43,129.58
,E,46529,28.31,129.95
,V,46530,27.8,128.95
,V钬,46531,27.8,128.9
,ɐ咬,46532,27.73,128.96
,a,46533,27.4,128.65
,m,46534,27.33,128.58
,^_,46535,27.05,128.43
ꌧ,ߔes,47201,26.21,127.68
ꌧ,Xps,47205,26.26,127.76
ꌧ,Ί_s,47207,24.34,124.15
ꌧ,YYs,47208,26.24,127.71
ꌧ,s,47209,26.58,127.98
ꌧ,s,47210,26.12,127.66
ꌧ,s,47211,26.33,127.8
ꌧ,Ls,47212,26.18,127.68
ꌧ,܎s,47213,26.38,127.86
ꌧ,{Ós,47214,24.8,125.28
ꌧ,s,47215,26.16,127.76
ꌧ,,47301,26.75,128.18
ꌧ,X,47302,26.68,128.11
ꌧ,,47303,26.63,128.15
ꌧ,Am,47306,26.68,127.93
ꌧ,{,47308,26.63,127.88
ꌧ,[,47311,26.5,127.85
ꌧ,X,47313,26.51,127.96
ꌧ,,47314,26.46,127.91
ꌧ,ɍ],47315,26.71,127.8
ꌧ,ǒJ,47324,26.4,127.75
ꌧ,Î[,47325,26.36,127.76
ꌧ,kJ,47326,26.3,127.76
ꌧ,k鑺,47327,26.3,127.8
ꌧ,鑺,47328,26.26,127.8
ꌧ,,47329,26.21,127.76
ꌧ,^ߌ,47348,26.2,127.73
ꌧ,앗,47350,26.2,127.71
ꌧ,nÕ~,47353,26.2,127.35
ꌧ,Ԗ,47354,26.23,127.3
ꌧ,,47355,26.58,127.23
ꌧ,n쑺,47356,26.36,127.15
ꌧ,哌,47357,25.83,131.25
ꌧ,k哌,47358,25.95,131.3
ꌧ,ɕ,47359,27.03,127.96
ꌧ,ɐ,47360,26.91,127.95
ꌧ,vē,47361,26.35,126.76
ꌧ,d,47362,26.15,127.7
ꌧ,Ǌԑ,47375,24.65,124.7
ꌧ,|x,47381,24.33,123.83
ꌧ,^ߍ,47382,24.46,123
